

--c.Create query using DML syntax to fill the tables in database systems with data based on the following conditions
-- Master tables
INSERT INTO Customer VALUES
('CU001','Emma Watson','Female','Jl. Nusantara 1','081234567891'),
('CU002','Brad Pitt','Male','Jl. Palmerah 2','081236767893'),
('CU003','Michael Bay','Male','Jl. Kedoya 1','081236767100'),
('CU004','Bruce Jenner','Male','Jl. Kedoya 3','083436767883'),
('CU005','Will Smith','Male','Jl. Kedoya 5','085636767883'),
('CU006','Andy Grammer','Male','Jl. Palmerah 1','085636237883'),
('CU007','Emma Stone','Female','Jl Nusantara 2','085636607883'),
('CU008','Anna Taylor','Female','Jl Kembangan','085636607820'),
('CU009','Gal Gadot','Female','Jl Meruya','085612607820'),
('CU010','Margot Robie','Female','Jl Kembangan 2','085612607816')

INSERT INTO Agent VALUES
('AG001','Johnny Depp','Male','Brook Street','johnnydepp@gmail.com','081124792013','10000000'),
('AG002','Tom Hanks','Male','Luxembourg Street','tomhanks@gmail.com','082424792013','11000000'),
('AG003','Tom Cruise','Male','Paradise Street','tomcruise@yahoo.com','081156792013','12000000'),
('AG004','Al Pacino','Male','Kentwood Street','alpacino@outlook.com','081124802013','17000000'),
('AG005','Chris Pratt','Male','Diego Street','chrispratt@gmail.com','081124791813','14000000'),
('AG006','Mila Kunis','Female','Lanchester Street','milakunis@gmail.com','081124792010','19000000'),
('AG007','Salma Hayek','Female','Diamond Street','salmahy123@yahoo.com','081731792013','16000000'),
('AG008','Naomi Watts','Female','Eastwood Street','naomiwtts@gmail.com','081124798703','12500000'),
('AG009','Lady Gaga','Female','Yeongming Street','ladygaga@gmail.com','082310792013','17850000'),
('AG010','Miley Cyrus','Female','Woods Street','mileycyrus@gmail.com','082190792013','21300000')

INSERT INTO Brand VALUES
('BD001','Rolex'),
('BD002','BVLGARIA'),
('BD003','Jaeger LeCoult'),
('BD004','A.Lange & Sohne'),
('BD005','Audemars Piguet'),
('BD006','Patek Philippe'),
('BD007','IWC Schaffhausen'),
('BD008','Parmigiani Fleurier'),
('BD009','Omega'),
('BD010','Vacheron Constantin')

INSERT INTO Watch VALUES
('WA001','Reverso Hybris ','1250000','50 ','BD003'),
('WA002','ODYSSEUS','3250000','75','BD004'),
('WA003','RoyaOak BlackPanther','900000','200','BD005'),
('WA004','Golden ELLIPSE','650000','100','BD006'),
('WA005','GOL Schaffhanufseta','7890000','400','BD007'),
('WA006','TONDA GT','1200000','200','BD008'),
('WA007','BVLGARI ALUMINIUM ','750000','300','BD002'),
('WA008','OCTO ROMA WATCH','650000','100','BD002'),
('WA009','Oyster Perpetual','4650000','200','BD001'),
('WA010','Explorer','9100000','350','BD001')

INSERT INTO Vendor VALUES
('VN001','PT Rolex','Sillicon Valley Street','555-001','rolex@gmail.com'),
('VN002','PT BVLGARIA','Sillicon Valley Street','555-002','BVLGARIA@gmail.com'),
('VN003','PT Jaeger','Sillicon Valley Street','555-003','Jaeger@gmail.com'),
('VN004','PT A.Lange','Luxembourg Street','555-004','ALange@gmail.com'),
('VN005','PT Piguet','Luxembourg Street','555-005','Pigeut@gmail.com'),
('VN006','PT PatekPhil','Luxembourg Street','555-006','PatePhipe@gmail,com'),
('VN007','PT IWC','Eastwood Street','555-007','Schafusen@gmail.com'),
('VN008','PT Parmigiani','Eastwood Street','555-008','Parmigian@gmail.com'),
('VN009','PT Omega','Eastwood Street','555-009','Omega@gmail.com'),
('VN010','PT Vacheron','Westwood Street','555-010','Vacheron@gmail.com')

-- Transaction tables

INSERT INTO HeaderSalesTransaction VALUES
('SA001','CU001','AG001','2018-07-01'),
('SA002','CU002','AG002','2018-03-20'),
('SA003','CU003','AG003','2018-07-02'),
('SA004','CU004','AG004','2018-01-12'),
('SA005','CU005','AG005','2018-08-30'),
('SA006','CU006','AG006','2018-01-11'),
('SA007','CU007','AG007','2018-02-15'),
('SA008','CU008','AG008','2018-03-04'),
('SA009','CU009','AG009','2018-09-27'),
('SA010','CU010','AG010','2018-06-09'),
('SA011','CU001','AG001','2018-06-08'),
('SA012','CU002','AG002','2018-06-07'),
('SA013','CU003','AG003','2018-06-11'),
('SA014','CU004','AG004','2018-11-19'),
('SA015','CU005','AG005','2018-12-17'),
('SA016','CU006','AG006','2018-01-21'),
('SA017','CU007','AG007','2018-10-22'),
('SA018','CU008','AG008','2018-05-18'),
('SA019','CU009','AG009','2018-04-29'),
('SA020','CU010','AG010','2018-09-01'),
('SA021','CU001','AG001','2018-09-07'),
('SA022','CU002','AG002','2018-09-13'),
('SA023','CU003','AG003','2018-07-28'),
('SA024','CU004','AG004','2018-11-11'),
('SA025','CU005','AG005','2018-08-18')

INSERT INTO HeaderPurchaseTransaction VALUES
('PC001','VN001','AG001','2018-01-01'),
('PC002','VN002','AG002','2018-02-02'),
('PC003','VN003','AG003','2018-03-03'),
('PC004','VN004','AG004','2018-04-04'),
('PC005','VN005','AG005','2018-05-05'),
('PC006','VN006','AG006','2018-06-06'),
('PC007','VN007','AG007','2018-07-07'),
('PC008','VN008','AG008','2018-08-08'),
('PC009','VN009','AG009','2018-09-09'),
('PC010','VN010','AG010','2018-10-10'),
('PC011','VN001','AG001','2018-11-11'),
('PC012','VN002','AG002','2018-12-12'),
('PC013','VN003','AG003','2018-01-13'),
('PC014','VN004','AG004','2018-02-14'),
('PC015','VN005','AG005','2018-03-15'),
('PC016','VN006','AG006','2018-04-16'),
('PC017','VN007','AG007','2018-05-17'),
('PC018','VN008','AG008','2018-06-18'),
('PC019','VN009','AG009','2018-07-19'),
('PC020','VN010','AG010','2018-08-20'),
('PC021','VN001','AG001','2018-09-21'),
('PC022','VN002','AG002','2018-10-22'),
('PC023','VN003','AG003','2018-11-23'),
('PC024','VN004','AG004','2018-12-24'),
('PC025','VN005','AG005','2018-01-25')

--Transaction Detail Tables

INSERT INTO DetailSalesTransaction VALUES
('SA001','WA001','5'),
('SA002','WA002','12'),
('SA003','WA003','8'),
('SA004','WA004','1'),
('SA005','WA005','24'),
('SA006','WA006','100'),
('SA007','WA007','30'),
('SA008','WA008','45'),
('SA009','WA009','70'),
('SA010','WA010','10'),
('SA011','WA001','12'),
('SA012','WA002','14'),
('SA013','WA003','2'),
('SA014','WA004','20'),
('SA015','WA005','14'),
('SA016','WA006','12'),
('SA017','WA007','9'),
('SA018','WA008','60'),
('SA019','WA009','22'),
('SA020','WA010','125'),
('SA021','WA001','15'),
('SA022','WA002','45'),
('SA023','WA003','37'),
('SA024','WA004','28'),
('SA025','WA005','1')

INSERT INTO DetailPurchaseTransaction VALUES
('PC001','WA001','12'),
('PC002','WA002','8'),
('PC003','WA003','24'),
('PC004','WA004','20'),
('PC005','WA005','17'),
('PC006','WA006','3'),
('PC007','WA007','150'),
('PC008','WA008','250'),
('PC009','WA009','10'),
('PC010','WA010','23'),
('PC011','WA001','200'),
('PC012','WA002','1'),
('PC013','WA003','5'),
('PC014','WA004','100'),
('PC015','WA005','320'),
('PC016','WA006','11'),
('PC017','WA007','55'),
('PC018','WA008','240'),
('PC019','WA009','1'),
('PC020','WA010','72'),
('PC021','WA001','1'),
('PC022','WA002','23'),
('PC023','WA003','170'),
('PC024','WA004','210'),
('PC025','WA005','1')
